"","Group.1","Group.2","Group.3","Group.4","Group.5","x","Group.1","Group.2","Group.3","Group.4","Group.5","x"
"1","Aquarius remigis",100,"Mount St. Hilaire (SITE)","Assortive Mating","Arnqvuist, 1996",0.214,"Aquarius remigis",100,"Mount St. Hilaire (SITE)","Assortive Mating","Arnqvuist, 1996",0.21735959
"2","Gerridae comatus",108,"Nydalasjon 1993 (SITE)","Assortive Mating","Arnqvuist, 1996",0.162,"Gerridae comatus",108,"Nydalasjon 1993 (SITE)","Assortive Mating","Arnqvuist, 1996",0.163439918
"3","Gerridae comatus",108,"Nydalasjon 1993 (SITE)","Index of Heteroscedastiscity","Arnqvuist, 1996",-0.191,"Gerridae comatus",108,"Nydalasjon 1993 (SITE)","Index of Heteroscedastiscity","Arnqvuist, 1996",-0.193374826
"4","Coenagrion puella",148,"Bonn et al., 1996","","Beasley 2013",0.240004575,"Coenagrion puella",148,"Bonn et al., 1996","","Beasley 2013",0.27005
"5","Nemuora trispinosa",172,"Hogg et al., 2001","","Beasley 2013",0.4604208535,"Nemuora trispinosa",172,"Hogg et al., 2001","","Beasley 2013",0.5256
"6","Calidris alpina",101,"Barbosa, 1997","Scan Duration vs. Group Size","Beauchamp 2008",-0.05,"Calidris alpina",101,"Barbosa, 1997","Scan Duration vs. Group Size","Beauchamp 2008",-0.05
"7","Passer domesticus",192,"Beveridge and Deag, 1987","Scan Duration vs. Group Size","Beauchamp 2008",0.2,"Passer domesticus",192,"Beveridge and Deag, 1987","Scan Duration vs. Group Size","Beauchamp 2008",0.202732554
"8","Fringilla coelebs",196,"Beveridge and Deag, 1987","Scan Duration vs. Group Size","Beauchamp 2008",0.267,"Fringilla coelebs",196,"Beveridge and Deag, 1987","Scan Duration vs. Group Size","Beauchamp 2008",0.273630739
"9","Fringilla coelebs",231,"Beveridge and Deag, 1987","Scan Duration vs. Group Size","Beauchamp 2008",0.212,"Fringilla coelebs",231,"Beveridge and Deag, 1987","Scan Duration vs. Group Size","Beauchamp 2008",0.215264538
"10","Passer domesticus",281,"Beveridge and Deag, 1987","Scan Duration vs. Group Size","Beauchamp 2008",0.198,"Passer domesticus",281,"Beveridge and Deag, 1987","Scan Duration vs. Group Size","Beauchamp 2008",0.200650085
"11","Pica pica",113,"Diaz and Asensia, 1991","Scan Duration vs. Group Size","Beauchamp 2008",0,"Pica pica",113,"Diaz and Asensia, 1991","Scan Duration vs. Group Size","Beauchamp 2008",0
"12","Limosa limosa",535,"Dominguez, 2002","Scan Duration vs. Group Size","Beauchamp 2008",0.211,"Limosa limosa",535,"Dominguez, 2002","Scan Duration vs. Group Size","Beauchamp 2008",0.214217711
"13","Molothrus ater",126,"Fernandez-Juricic et al., 2007","Scan Duration vs. Group Size","Beauchamp 2008",0.296,"Molothrus ater",126,"Fernandez-Juricic et al., 2007","Scan Duration vs. Group Size","Beauchamp 2008",0.30512976
"14","Anas crecca crecca",157,"Poysa, 1994","Scan Duration vs. Group Size","Beauchamp 2008",0.233,"Anas crecca crecca",157,"Poysa, 1994","Scan Duration vs. Group Size","Beauchamp 2008",0.237359351
"15","Junco phaeonotus",215,"Pulliam et al., 1982","Scan Duration vs. Group Size","Beauchamp 2008",-0.03,"Junco phaeonotus",215,"Pulliam et al., 1982","Scan Duration vs. Group Size","Beauchamp 2008",-0.03
"16","Corvus corone corone",1203,"Saino, 1994","Scan Duration vs. Group Size","Beauchamp 2008",0.158,"Corvus corone corone",1203,"Saino, 1994","Scan Duration vs. Group Size","Beauchamp 2008",0.159334822
"17","Eolophus roseicapilla",199,"Westcott and Cockburn, 1988","Scan Duration vs. Group Size","Beauchamp 2008",0.33,"Eolophus roseicapilla",199,"Westcott and Cockburn, 1988","Scan Duration vs. Group Size","Beauchamp 2008",0.342828254
"18","Calidris alpina",101,"Barbosa, 1997","Scan Frequency vs. Group Size","Beauchamp 2008",-0.08,"Calidris alpina",101,"Barbosa, 1997","Scan Frequency vs. Group Size","Beauchamp 2008",-0.0802
"19","Passer domesticus",98,"Barnard, 1980","Scan Frequency vs. Group Size","Beauchamp 2008",0.479,"Passer domesticus",98,"Barnard, 1980","Scan Frequency vs. Group Size","Beauchamp 2008",0.52168571
"20","Passer domesticus",192,"Beveridge and Deag, 1987","Scan Frequency vs. Group Size","Beauchamp 2008",0.266,"Passer domesticus",192,"Beveridge and Deag, 1987","Scan Frequency vs. Group Size","Beauchamp 2008",0.272554287
"21","Fringilla coelebs",196,"Beveridge and Deag, 1987","Scan Frequency vs. Group Size","Beauchamp 2008",0.351,"Fringilla coelebs",196,"Beveridge and Deag, 1987","Scan Frequency vs. Group Size","Beauchamp 2008",0.366583811
"22","Fringilla coelebs",231,"Beveridge and Deag, 1987","Scan Frequency vs. Group Size","Beauchamp 2008",0.294,"Fringilla coelebs",231,"Beveridge and Deag, 1987","Scan Frequency vs. Group Size","Beauchamp 2008",0.302939119
"23","Passer domesticus",281,"Beveridge and Deag, 1987","Scan Frequency vs. Group Size","Beauchamp 2008",0.245,"Passer domesticus",281,"Beveridge and Deag, 1987","Scan Frequency vs. Group Size","Beauchamp 2008",0.25008653
"24","Larus atricilla",279,"Burger and Gochfeld, 1991","Scan Frequency vs. Group Size","Beauchamp 2008",0.476,"Larus atricilla",279,"Burger and Gochfeld, 1991","Scan Frequency vs. Group Size","Beauchamp 2008",0.51779966
"25","Columbina squamata",142,"Dias, 2006","Scan Frequency vs. Group Size","Beauchamp 2008",0.36,"Columbina squamata",142,"Dias, 2006","Scan Frequency vs. Group Size","Beauchamp 2008",0.376885901
"26","Pica pica",113,"Diaz and Asensia, 1991","Scan Frequency vs. Group Size","Beauchamp 2008",0.229,"Pica pica",113,"Diaz and Asensia, 1991","Scan Frequency vs. Group Size","Beauchamp 2008",0.233133868
"27","Passer domesticus",455,"Elgar and Catterall, 1981","Scan Frequency vs. Group Size","Beauchamp 2008",0.863,"Passer domesticus",455,"Elgar and Catterall, 1981","Scan Frequency vs. Group Size","Beauchamp 2008",1.304981222
"28","Passer domesticus",94,"Elgar, 1986","Scan Frequency vs. Group Size","Beauchamp 2008",0.484,"Passer domesticus",94,"Elgar, 1986","Scan Frequency vs. Group Size","Beauchamp 2008",0.528194829
"29","Passer domesticus",109,"Elgar, 1986","Scan Frequency vs. Group Size","Beauchamp 2008",0.52,"Passer domesticus",109,"Elgar, 1986","Scan Frequency vs. Group Size","Beauchamp 2008",0.576339755
"30","Passer domesticus",151,"Elgar, 1987","Scan Frequency vs. Group Size","Beauchamp 2008",0.405,"Passer domesticus",151,"Elgar, 1987","Scan Frequency vs. Group Size","Beauchamp 2008",0.429615588
"31","Molothrus ater",126,"Fernandez-Juricic et al., 2007","Scan Frequency vs. Group Size","Beauchamp 2008",0.28,"Molothrus ater",126,"Fernandez-Juricic et al., 2007","Scan Frequency vs. Group Size","Beauchamp 2008",0.287682072
"32","Arenaria interpres",284,"Fleischer, 1983","Scan Frequency vs. Group Size","Beauchamp 2008",0.294,"Arenaria interpres",284,"Fleischer, 1983","Scan Frequency vs. Group Size","Beauchamp 2008",0.302939119
"33","Haematopus ostralegus",159,"Goss-Custard et al., 1999","Scan Frequency vs. Group Size","Beauchamp 2008",-0.46,"Haematopus ostralegus",159,"Goss-Custard et al., 1999","Scan Frequency vs. Group Size","Beauchamp 2008",-0.497311288
"34","Corvus corone corone",1203,"Saino, 1994","Scan Frequency vs. Group Size","Beauchamp 2008",0.263,"Corvus corone corone",1203,"Saino, 1994","Scan Frequency vs. Group Size","Beauchamp 2008",0.269328615
"35","Picoides pubescens",160,"Sullivan, 1984","Scan Frequency vs. Group Size","Beauchamp 2008",0.866,"Picoides pubescens",160,"Sullivan, 1984","Scan Frequency vs. Group Size","Beauchamp 2008",1.316856291
"36","Calidris alpina",101,"Barbosa, 1997","Time spent vigilant vs. Group Size","Beauchamp 2008",-0.06,"Calidris alpina",101,"Barbosa, 1997","Time spent vigilant vs. Group Size","Beauchamp 2008",-0.0601
"37","Coccothraustes vespertinus",1018,"Bekoff, 1995","Time spent vigilant vs. Group Size","Beauchamp 2008",0.332,"Coccothraustes vespertinus",1018,"Bekoff, 1995","Time spent vigilant vs. Group Size","Beauchamp 2008",0.345074339
"38","Coccothraustes vespertinus",1472,"Bekoff, 1995","Time spent vigilant vs. Group Size","Beauchamp 2008",0.787,"Coccothraustes vespertinus",1472,"Bekoff, 1995","Time spent vigilant vs. Group Size","Beauchamp 2008",1.063500675
"39","Passer domesticus",192,"Beveridge and Deag, 1987","Time spent vigilant vs. Group Size","Beauchamp 2008",0.172,"Passer domesticus",192,"Beveridge and Deag, 1987","Time spent vigilant vs. Group Size","Beauchamp 2008",0.173726908
"40","Fringilla coelebs",196,"Beveridge and Deag, 1987","Time spent vigilant vs. Group Size","Beauchamp 2008",0.486,"Fringilla coelebs",196,"Beveridge and Deag, 1987","Time spent vigilant vs. Group Size","Beauchamp 2008",0.53080998
"41","Fringilla coelebs",231,"Beveridge and Deag, 1987","Time spent vigilant vs. Group Size","Beauchamp 2008",0.511,"Fringilla coelebs",231,"Beveridge and Deag, 1987","Time spent vigilant vs. Group Size","Beauchamp 2008",0.564082236
"42","Passer domesticus",281,"Beveridge and Deag, 1987","Time spent vigilant vs. Group Size","Beauchamp 2008",0.283,"Passer domesticus",281,"Beveridge and Deag, 1987","Time spent vigilant vs. Group Size","Beauchamp 2008",0.290940262
"43","Junco hyemalis",625,"Boysen et al., 2001","Time spent vigilant vs. Group Size","Beauchamp 2008",0.595,"Junco hyemalis",625,"Boysen et al., 2001","Time spent vigilant vs. Group Size","Beauchamp 2008",0.685370974
"44","Larus atricilla",279,"Burger and Gochfeld, 1991","Time spent vigilant vs. Group Size","Beauchamp 2008",0.334,"Larus atricilla",279,"Burger and Gochfeld, 1991","Time spent vigilant vs. Group Size","Beauchamp 2008",0.347323778
"45","Junco phaeonotus",97,"Caraco, 1979","Time spent vigilant vs. Group Size","Beauchamp 2008",0.6,"Junco phaeonotus",97,"Caraco, 1979","Time spent vigilant vs. Group Size","Beauchamp 2008",0.693147181
"46","Columbina squamata",142,"Dias, 2006","Time spent vigilant vs. Group Size","Beauchamp 2008",0.392,"Columbina squamata",142,"Dias, 2006","Time spent vigilant vs. Group Size","Beauchamp 2008",0.414160979
"47","Pica pica",113,"Diaz and Asensia, 1991","Time spent vigilant vs. Group Size","Beauchamp 2008",0.311,"Pica pica",113,"Diaz and Asensia, 1991","Time spent vigilant vs. Group Size","Beauchamp 2008",0.321652106
"48","Limosa limosa",535,"Dominguez, 2002","Time spent vigilant vs. Group Size","Beauchamp 2008",0.183,"Limosa limosa",535,"Dominguez, 2002","Time spent vigilant vs. Group Size","Beauchamp 2008",0.185084885
"49","Anser albifons frontalis",463,"Ely, 1992","Time spent vigilant vs. Group Size","Beauchamp 2008",-0.347,"Anser albifons frontalis",463,"Ely, 1992","Time spent vigilant vs. Group Size","Beauchamp 2008",-0.362029024
"50","Molothrus ater",126,"Fernandez-Juricic et al., 2007","Time spent vigilant vs. Group Size","Beauchamp 2008",0.312,"Molothrus ater",126,"Fernandez-Juricic et al., 2007","Time spent vigilant vs. Group Size","Beauchamp 2008",0.322759566
"51","Haematopus ostralegus",159,"Goss-Custard et al., 1999","Time spent vigilant vs. Group Size","Beauchamp 2008",-0.13,"Haematopus ostralegus",159,"Goss-Custard et al., 1999","Time spent vigilant vs. Group Size","Beauchamp 2008",-0.13073985
"52","Junco hyemalis",117,"Lima, 1995","Time spent vigilant vs. Group Size","Beauchamp 2008",0.722,"Junco hyemalis",117,"Lima, 1995","Time spent vigilant vs. Group Size","Beauchamp 2008",0.911810286
"53","Pica pica",91,"McKinstry and Knight, 1993","Time spent vigilant vs. Group Size","Beauchamp 2008",-0.876,"Pica pica",91,"McKinstry and Knight, 1993","Time spent vigilant vs. Group Size","Beauchamp 2008",-1.358307782
"54","Dendrocygna viduata",1656,"Petrie and Petrie, 1998","Time spent vigilant vs. Group Size","Beauchamp 2008",0.285,"Dendrocygna viduata",1656,"Petrie and Petrie, 1998","Time spent vigilant vs. Group Size","Beauchamp 2008",0.293115727
"55","Anas crecca crecca",157,"Poysa, 1994","Time spent vigilant vs. Group Size","Beauchamp 2008",0.199,"Anas crecca crecca",157,"Poysa, 1994","Time spent vigilant vs. Group Size","Beauchamp 2008",0.201691104
"56","Pyrrhocorax pyrrhocorax",152,"Rolando et al., 2001","Time spent vigilant vs. Group Size","Beauchamp 2008",0.266,"Pyrrhocorax pyrrhocorax",152,"Rolando et al., 2001","Time spent vigilant vs. Group Size","Beauchamp 2008",0.272554287
"57","Corvus corone corone",1203,"Saino, 1994","Time spent vigilant vs. Group Size","Beauchamp 2008",0.205,"Corvus corone corone",1203,"Saino, 1994","Time spent vigilant vs. Group Size","Beauchamp 2008",0.207946366
"58","Phoenicopterus ruber ruber ",887,"Schmitz and Baldassarre, 1992","Time spent vigilant vs. Group Size","Beauchamp 2008",0.85,"Phoenicopterus ruber ruber ",887,"Schmitz and Baldassarre, 1992","Time spent vigilant vs. Group Size","Beauchamp 2008",1.256152812
"59","Grus canadensis",1097,"Tacha, 1988","Time spent vigilant vs. Group Size","Beauchamp 2008",0.1,"Grus canadensis",1097,"Tacha, 1988","Time spent vigilant vs. Group Size","Beauchamp 2008",0.100335348
"60","Emberiza citrinella",226,"Van der veen, 2000","Time spent vigilant vs. Group Size","Beauchamp 2008",0.221,"Emberiza citrinella",226,"Van der veen, 2000","Time spent vigilant vs. Group Size","Beauchamp 2008",0.224707214
"61","Corvus frugilegus",139,"Waite, 1981","Time spent vigilant vs. Group Size","Beauchamp 2008",0.631,"Corvus frugilegus",139,"Waite, 1981","Time spent vigilant vs. Group Size","Beauchamp 2008",0.743075979
"62","Empidonax virescens",101,"Lynch & Whigham, 1984","Population Density","Bender, 1998",0.07,"Empidonax virescens",101,"Lynch & Whigham, 1984","Population Density","Bender, 1998",0.0701
"63","Myiarchus crinitus",102,"Lynch & Whigham, 1984","Population Density","Bender, 1998",-0.07,"Myiarchus crinitus",102,"Lynch & Whigham, 1984","Population Density","Bender, 1998",-0.0701
"64","Colaptes auratus",106,"Lynch & Whigham, 1984","Population Density","Bender, 1998",0.07,"Colaptes auratus",106,"Lynch & Whigham, 1984","Population Density","Bender, 1998",0.0701
"65","Pipilo erythropththalmus",116,"Lynch & Whigham, 1984","Population Density","Bender, 1998",-0.06,"Pipilo erythropththalmus",116,"Lynch & Whigham, 1984","Population Density","Bender, 1998",-0.0601
"66","Piranga olivacea",155,"Lynch & Whigham, 1984","Population Density","Bender, 1998",-0.05,"Piranga olivacea",155,"Lynch & Whigham, 1984","Population Density","Bender, 1998",-0.05
"67","Cyanocitte cristata",156,"Lynch & Whigham, 1984","Population Density","Bender, 1998",-0.05,"Cyanocitte cristata",156,"Lynch & Whigham, 1984","Population Density","Bender, 1998",-0.05
"68","Parus carolinensis",159,"Lynch & Whigham, 1984","Population Density","Bender, 1998",-0.05,"Parus carolinensis",159,"Lynch & Whigham, 1984","Population Density","Bender, 1998",-0.05
"69","Vireo olivaceus",172,"Lynch & Whigham, 1984","Population Density","Bender, 1998",0.05,"Vireo olivaceus",172,"Lynch & Whigham, 1984","Population Density","Bender, 1998",0.05
"70","Parus bicolor",181,"Lynch & Whigham, 1984","Population Density","Bender, 1998",-0.05,"Parus bicolor",181,"Lynch & Whigham, 1984","Population Density","Bender, 1998",-0.05
"71","",416,"Blackburn and Duncan, 2001","","Blackburn 2009",0.189,"",416,"Blackburn and Duncan, 2001","","Blackburn 2009",0.191299921
"72","",433,"Brooks , 2001","","Blackburn 2009",0.101,"",433,"Brooks , 2001","","Blackburn 2009",0.1037398815
"73","",433,"Brooks, 2001","","Blackburn 2009",0.0745,"",433,"Brooks, 2001","","Blackburn 2009",0.0756499605
"74","",104,"Cassey , 2001","","Blackburn 2009",-0.282,"",104,"Cassey , 2001","","Blackburn 2009",-0.289853534
"75","",168,"Cassey , 2002","","Blackburn 2009",0.291,"",168,"Cassey , 2002","","Blackburn 2009",0.299658432
"76","",266,"Cassey , 2002","","Blackburn 2009",-0.286,"",266,"Cassey , 2002","","Blackburn 2009",-0.294204471
"77","",375,"Cassey , 2002","","Blackburn 2009",-0.229,"",375,"Cassey , 2002","","Blackburn 2009",-0.233133868
"78","",377,"Cassey , 2002","","Blackburn 2009",-0.324,"",377,"Cassey , 2002","","Blackburn 2009",-0.33610983
"79","",393,"Cassey , 2002","","Blackburn 2009",0.651,"",393,"Cassey , 2002","","Blackburn 2009",0.777032261
"80","",396,"Cassey , 2002","","Blackburn 2009",0.198,"",396,"Cassey , 2002","","Blackburn 2009",0.201085416
"81","",398,"Cassey , 2002","","Blackburn 2009",0.162,"",398,"Cassey , 2002","","Blackburn 2009",0.163439918
"82","",116,"Cassey et al. , 2004","","Blackburn 2009",0.375,"",116,"Cassey et al. , 2004","","Blackburn 2009",0.39422868
"83","",232,"Cassey, 2002","","Blackburn 2009",0.125,"",232,"Cassey, 2002","","Blackburn 2009",0.125657214
"84","",120,"Duncan et al. , 2006","","Blackburn 2009",-0.0105,"",120,"Duncan et al. , 2006","","Blackburn 2009",-0.0105
"85","",120,"Duncan et al., 2006","","Blackburn 2009",0.144,"",120,"Duncan et al., 2006","","Blackburn 2009",0.1450084985
"86","",118,"McLain et al. , 1999","","Blackburn 2009",0.04,"",118,"McLain et al. , 1999","","Blackburn 2009",0.04
"87","",120,"McLain et al. , 1999","","Blackburn 2009",-0.172,"",120,"McLain et al. , 1999","","Blackburn 2009",-0.173726908
"88","",130,"McLain et al. , 1999","","Blackburn 2009",0.224,"",130,"McLain et al. , 1999","","Blackburn 2009",0.227863471
"89","",132,"McLain et al. , 1999","","Blackburn 2009",-0.219,"",132,"McLain et al. , 1999","","Blackburn 2009",-0.22260549
"90","",132,"McLain et al., 1999","","Blackburn 2009",0.252,"",132,"McLain et al., 1999","","Blackburn 2009",0.257547287
"91","",104,"Møller and Cassey , 2004","","Blackburn 2009",0.058,"",104,"Møller and Cassey , 2004","","Blackburn 2009",0.0581
"92","",110,"Møller and Cassey , 2004","","Blackburn 2009",-0.115,"",110,"Møller and Cassey , 2004","","Blackburn 2009",-0.115511019
"93","",104,"Møller and Cassey, 2004","","Blackburn 2009",0.399,"",104,"Møller and Cassey, 2004","","Blackburn 2009",0.42245902
"94","",110,"Moulton and Pimm , 1986","","Blackburn 2009",0.206,"",110,"Moulton and Pimm , 1986","","Blackburn 2009",0.208990458
"95","",108,"Moulton et al. , 2001","","Blackburn 2009",0.318,"",108,"Moulton et al. , 2001","","Blackburn 2009",0.329420529
"96","",146,"Sol et al., 2005","","Blackburn 2009",0.334,"",146,"Sol et al., 2005","","Blackburn 2009",0.347323778
"97","germination",135,"Saikkonen et al. 2010","neighbours (litter)","Castellanos, 2012",0.290397209,"germination",135,"Saikkonen et al. 2010","neighbours (litter)","Castellanos, 2012",0.299
"98","Geopelia cuneata",96,"Casagrande, unpublished","Oxidative damage (d-ROMs test)","Constantini, 2009",0.5371,"Geopelia cuneata",96,"Casagrande, unpublished","Oxidative damage (d-ROMs test)","Constantini, 2009",0.600070878
"99","Taeniopygia guttata",120,"Alonso-alvaraz et. al., 2004","Susceptibility of red blood cells to haemolyse","Constantini, 2009",0.1127,"Taeniopygia guttata",120,"Alonso-alvaraz et. al., 2004","Susceptibility of red blood cells to haemolyse","Constantini, 2009",0.113180815
"100","Geopelia cuneata",96,"Casagrande, unpublished","Total plasma antioxidant capacity","Constantini, 2009",0.5593,"Geopelia cuneata",96,"Casagrande, unpublished","Total plasma antioxidant capacity","Constantini, 2009",0.631813955
"101","Herbs",190,"Agrawal & Fishbein","Defense investment","Endara, 2011",-0.139092448,"Herbs",190,"Agrawal & Fishbein","Defense investment","Endara, 2011",-0.14
"102","Herbs",140,"Almeida-Cortéz et al., 2009","Defense investment","Endara, 2011",-0.2581788655,"Herbs",140,"Almeida-Cortéz et al., 2009","Defense investment","Endara, 2011",-0.27
"103","Woody",240,"Dudt & Shure, 1994","Defense investment","Endara, 2011",0.168381046,"Woody",240,"Dudt & Shure, 1994","Defense investment","Endara, 2011",0.17
"104","Woody",114,"Fine et. al. 2006","Defense investment","Endara, 2011",0.345214034,"Woody",114,"Fine et. al. 2006","Defense investment","Endara, 2011",0.36
"105","Woody",294,"Fine et. al. 2006","Defense investment","Endara, 2011",0.379948962,"Woody",294,"Fine et. al. 2006","Defense investment","Endara, 2011",0.4
"106","Woody",1033,"Holdo 2003","Defense investment","Endara, 2011",0.0898,"Woody",1033,"Holdo 2003","Defense investment","Endara, 2011",0.09
"107","Woody",480,"Howlett & Davidson, 2001","Defense investment","Endara, 2011",0.959534006,"Woody",480,"Howlett & Davidson, 2001","Defense investment","Endara, 2011",1.94
"108","Woody",180,"Massey et al. 2007","Defense investment","Endara, 2011",0.438199315,"Woody",180,"Massey et al. 2007","Defense investment","Endara, 2011",0.47
"109","Woody",140,"Matsuki, & Takayoshi, 2006","Defense investment","Endara, 2011",0.2069665,"Woody",140,"Matsuki, & Takayoshi, 2006","Defense investment","Endara, 2011",0.21
"110","Woody",96,"Miller & Woodrow 2008","Defense investment","Endara, 2011",0.9747107,"Woody",96,"Miller & Woodrow 2008","Defense investment","Endara, 2011",2.205
"111","Woody",287,"Reich, et al. 1992","Defense investment","Endara, 2011",0.597982,"Woody",287,"Reich, et al. 1992","Defense investment","Endara, 2011",0.69
"112","Woody",111,"Reich, et al. 1997","Defense investment","Endara, 2011",0.66959026,"Woody",111,"Reich, et al. 1997","Defense investment","Endara, 2011",0.81
"113","Woody",240,"Shure & Wilson 1993","Defense investment","Endara, 2011",0.371360228,"Woody",240,"Shure & Wilson 1993","Defense investment","Endara, 2011",0.39
"114","Woody",123,"Turner, 1995","Defense investment","Endara, 2011",-0.748704287,"Woody",123,"Turner, 1995","Defense investment","Endara, 2011",-0.97
"115","Seedlings",1450,"De la Cruz & Dirzo, 1987","herbivore damage","Endara, 2011",-0.049958375,"Seedlings",1450,"De la Cruz & Dirzo, 1987","herbivore damage","Endara, 2011",-0.05
"116","Woody",120,"Farji 2001","herbivore damage","Endara, 2011",0.9695286745,"Woody",120,"Farji 2001","herbivore damage","Endara, 2011",2.095
"117","Woody",480,"Howlett & Davidson, 2001","herbivore damage","Endara, 2011",0.244918662,"Woody",480,"Howlett & Davidson, 2001","herbivore damage","Endara, 2011",0.25
"118","Woody",1672,"Lowman, 1992","herbivore damage","Endara, 2011",-0.0775761874999999,"Woody",1672,"Lowman, 1992","herbivore damage","Endara, 2011",-0.695
"119","Woody",180,"Massey et al. 2007","herbivore damage","Endara, 2011",0.507977433,"Woody",180,"Massey et al. 2007","herbivore damage","Endara, 2011",0.56
"120","Woody",140,"Matsuki, & Takayoshi, 2006","herbivore damage","Endara, 2011",0.148885034,"Woody",140,"Matsuki, & Takayoshi, 2006","herbivore damage","Endara, 2011",0.15
"121","Woody",240,"Shure & Wilson 1993","herbivore damage","Endara, 2011",0.158648504,"Woody",240,"Shure & Wilson 1993","herbivore damage","Endara, 2011",0.16
"122","Woody",377,"Skarpe et. al., 2000","herbivore damage","Endara, 2011",0.10955847,"Woody",377,"Skarpe et. al., 2000","herbivore damage","Endara, 2011",0.11
"123","Woody",720,"Skarpe et. al., 2000","herbivore damage","Endara, 2011",0.119427299,"Woody",720,"Skarpe et. al., 2000","herbivore damage","Endara, 2011",0.12
"124","Woody",600,"Smith & Nufio, 2004","herbivore damage","Endara, 2011",0.94022664,"Woody",600,"Smith & Nufio, 2004","herbivore damage","Endara, 2011",1.74
"125","Herbs, Woody",1400,"Southwood, 1986","herbivore damage","Endara, 2011",0.84828364,"Herbs, Woody",1400,"Southwood, 1986","herbivore damage","Endara, 2011",1.25
"126","Herbs",114,"Vasconcelos, 1999","herbivore damage","Endara, 2011",0.178080868,"Herbs",114,"Vasconcelos, 1999","herbivore damage","Endara, 2011",0.18
"127","Herbs",559,"Vasconcelos, 1999","herbivore damage","Endara, 2011",-0.735222253,"Herbs",559,"Vasconcelos, 1999","herbivore damage","Endara, 2011",-0.94
"128","Woody",581,"Vasconcelos, 1999","herbivore damage","Endara, 2011",-0.44624361,"Woody",581,"Vasconcelos, 1999","herbivore damage","Endara, 2011",-0.48
"129","Herbs",2435,"Wilf et al. 2001","herbivore damage","Endara, 2011",0.789461221,"Herbs",2435,"Wilf et al. 2001","herbivore damage","Endara, 2011",1.07
"130","Woody",4002,"Lowman 1992","Leaf lifespan","Endara, 2011",0.9931004315,"Woody",4002,"Lowman 1992","Leaf lifespan","Endara, 2011",2.895
"131","Woody",287,"Reicht et al. 1992","Leaf lifespan","Endara, 2011",0.800824759,"Woody",287,"Reicht et al. 1992","Leaf lifespan","Endara, 2011",1.15
"132","Woody",240,"Shure & Wilson 1993","Plant Growth","Endara, 2011",0.827816361,"Woody",240,"Shure & Wilson 1993","Plant Growth","Endara, 2011",1.276415823
"133","Dasypus novemcinctus",191,"Ancona and Loughry, 2009","","Garamszegi 2012",0.11,"Dasypus novemcinctus",191,"Ancona and Loughry, 2009","","Garamszegi 2012",0.110446916
"134","Gasterosteus aculeatus",122,"Bell and Sih, 2007","","Garamszegi 2012",0.143,"Gasterosteus aculeatus",122,"Bell and Sih, 2007","","Garamszegi 2012",0.143986873
"135","Gasterosteus aculeatus",164,"Bell et al., 2010","","Garamszegi 2012",0.164,"Gasterosteus aculeatus",164,"Bell et al., 2010","","Garamszegi 2012",0.165494508
"136","Tamiasciurus hudsonicus",98,"Boon et al., 2008","","Garamszegi 2012",0.54,"Tamiasciurus hudsonicus",98,"Boon et al., 2008","","Garamszegi 2012",0.604155603
"137","Gambusia affinis",234,"Cote et al., 2010","","Garamszegi 2012",0.27,"Gambusia affinis",234,"Cote et al., 2010","","Garamszegi 2012",0.276863823
"138","Cyanistes caeruleus",116,"Herborn et al., 2010","","Garamszegi 2012",0.112,"Cyanistes caeruleus",116,"Herborn et al., 2010","","Garamszegi 2012",0.112471866
"139","Myodes glareolus",192,"Korpela et al., 2011","","Garamszegi 2012",0.451,"Myodes glareolus",192,"Korpela et al., 2011","","Garamszegi 2012",0.485954906
"140","Cyanistes caeruleus",100,"Nilsson et al., 2010","","Garamszegi 2012",0.01,"Cyanistes caeruleus",100,"Nilsson et al., 2010","","Garamszegi 2012",0.01
"141","Macaca mulatta",111,"Weiss et al., 2011","","Garamszegi 2012",0.123,"Macaca mulatta",111,"Weiss et al., 2011","","Garamszegi 2012",0.123625981
"142","Lepomis macrochirus",134,"Wilson et al., 2011","","Garamszegi 2012",0.31,"Lepomis macrochirus",134,"Wilson et al., 2011","","Garamszegi 2012",0.320545409
"143","Hirundo rustica",691,"Moller, 1995","Fitness","Leung & Forbes, 1986",0.01,"Hirundo rustica",691,"Moller, 1995","Fitness","Leung & Forbes, 1986",0.01
"144","Musca vetustissima",254,"Clarke+'90","Stress","Leung & Forbes, 1986",0.3605,"Musca vetustissima",254,"Clarke+'90","Stress","Leung & Forbes, 1986",0.3776607345
"145","Musca vetustissima",270,"Clarke+'90","Stress","Leung & Forbes, 1986",0.199,"Musca vetustissima",270,"Clarke+'90","Stress","Leung & Forbes, 1986",0.2017016765
"146","Musca vetustissima",284,"Clarke+'90","Stress","Leung & Forbes, 1986",0.336,"Musca vetustissima",284,"Clarke+'90","Stress","Leung & Forbes, 1986",0.350296038
"147","Musca vetustissima",300,"Clarke+'90","Stress","Leung & Forbes, 1986",0.2,"Musca vetustissima",300,"Clarke+'90","Stress","Leung & Forbes, 1986",0.2029280655
"148","Poecilia reticulata",163,"Zajitschek & Brooks (2010)","Quantity","Mautz, 2013",0.034779235,"Poecilia reticulata",163,"Zajitschek & Brooks (2010)","Quantity","Mautz, 2013",0.035
"149","Poecilia reticulata",450,"Evans (2010)","Speed","Mautz, 2013",-0.04,"Poecilia reticulata",450,"Evans (2010)","Speed","Mautz, 2013",-0.04
"150","Poecilia reticulata",106,"Locatello et al. (2006)","Speed","Mautz, 2013",0.263624835,"Poecilia reticulata",106,"Locatello et al. (2006)","Speed","Mautz, 2013",0.27
"151","Poecilia reticulata",449,"Evans (2010)","Viability","Mautz, 2013",0.02,"Poecilia reticulata",449,"Evans (2010)","Viability","Mautz, 2013",0.02
"152","Parus major",94,"Blakey, 1994","Paternity","Moller & Ninni, 1998",-0.196,"Parus major",94,"Blakey, 1994","Paternity","Moller & Ninni, 1998",-0.198569333
"153","Dolichonyx oryzivorus",191,"Bollinger & Gavin, 1991","Paternity","Moller & Ninni, 1998",0.038,"Dolichonyx oryzivorus",191,"Bollinger & Gavin, 1991","Paternity","Moller & Ninni, 1998",0.038
"154","Sialia sialis",365,"Gowaty & Bridges","Paternity","Moller & Ninni, 1998",-0.095,"Sialia sialis",365,"Gowaty & Bridges","Paternity","Moller & Ninni, 1998",-0.0953
"155","Acrocephalus arundinaceus",130,"Hasselquist et al. 1995","Paternity","Moller & Ninni, 1998",0.176,"Acrocephalus arundinaceus",130,"Hasselquist et al. 1995","Paternity","Moller & Ninni, 1998",0.1784001065
"156","Parus caeruleus",120,"Kempenaers et al. 1995","Paternity","Moller & Ninni, 1998",0.054,"Parus caeruleus",120,"Kempenaers et al. 1995","Paternity","Moller & Ninni, 1998",0.0541
"157","Parus caeruleus",122,"Kempenaers et al. 1995","Paternity","Moller & Ninni, 1998",0.07,"Parus caeruleus",122,"Kempenaers et al. 1995","Paternity","Moller & Ninni, 1998",0.0701
"158","Parus caeruleus",138,"Kempenaers et al. 1995","Paternity","Moller & Ninni, 1998",-0.135,"Parus caeruleus",138,"Kempenaers et al. 1995","Paternity","Moller & Ninni, 1998",-0.136295138
"159","Parus caeruleus",145,"Kempenaers et al. 1995","Paternity","Moller & Ninni, 1998",-0.065,"Parus caeruleus",145,"Kempenaers et al. 1995","Paternity","Moller & Ninni, 1998",-0.0651
"160","Anthus spinoletta",258,"Reyer et al., 1997","Paternity","Moller & Ninni, 1998",-0.104,"Anthus spinoletta",258,"Reyer et al., 1997","Paternity","Moller & Ninni, 1998",-0.104377407
"161","Troglodytes aedon",103,"Soukup and Thompson, 1997","Paternity","Moller & Ninni, 1998",-0.09,"Troglodytes aedon",103,"Soukup and Thompson, 1997","Paternity","Moller & Ninni, 1998",-0.0902
"162","Troglodytes aedon",121,"Soukup and Thompson, 1997","Paternity","Moller & Ninni, 1998",-0.034,"Troglodytes aedon",121,"Soukup and Thompson, 1997","Paternity","Moller & Ninni, 1998",-0.034
"163","Troglodytes aedon",468,"Soukup and Thompson, 1997","Paternity","Moller & Ninni, 1998",0.089,"Troglodytes aedon",468,"Soukup and Thompson, 1997","Paternity","Moller & Ninni, 1998",0.08925
"164","Agelaius phoeniceus",96,"Weatherhead & Boag, 1995","Paternity","Moller & Ninni, 1998",0.02,"Agelaius phoeniceus",96,"Weatherhead & Boag, 1995","Paternity","Moller & Ninni, 1998",0.02
"165","Agelaius phoeniceus",269,"Weatherhead, 1997","Paternity","Moller & Ninni, 1998",-0.009,"Agelaius phoeniceus",269,"Weatherhead, 1997","Paternity","Moller & Ninni, 1998",-0.009
"166","Passerina cyanea",98,"Westneat, 1987","Paternity","Moller & Ninni, 1998",0.0085,"Passerina cyanea",98,"Westneat, 1987","Paternity","Moller & Ninni, 1998",0.0085852105
"167","Passer domesticus",144,"Wetton & Parkin, 1991","Paternity","Moller & Ninni, 1998",-0.225,"Passer domesticus",144,"Wetton & Parkin, 1991","Paternity","Moller & Ninni, 1998",-0.228916547
"168","Homo sapiens",113,"Bailit et. al., 1970","Heritability","Moller & Thornhill, 1997",0.035,"Homo sapiens",113,"Bailit et. al., 1970","Heritability","Moller & Thornhill, 1997",0.035
"169","Homo sapiens",423,"Bener & Erk. 1979","Heritability","Moller & Thornhill, 1997",0.0917,"Homo sapiens",423,"Bener & Erk. 1979","Heritability","Moller & Thornhill, 1997",0.091958336
"170","Homo sapiens",445,"Bener, 1979","Heritability","Moller & Thornhill, 1997",0.0698,"Homo sapiens",445,"Bener, 1979","Heritability","Moller & Thornhill, 1997",0.0699
"171","Gasterosteus aculeatus",95,"Hagen, 1973","Heritability","Moller & Thornhill, 1997",0.3763,"Gasterosteus aculeatus",95,"Hagen, 1973","Heritability","Moller & Thornhill, 1997",0.395742267
"172","Homo sapiens",125,"Holt, 1954","Heritability","Moller & Thornhill, 1997",-0.0475,"Homo sapiens",125,"Holt, 1954","Heritability","Moller & Thornhill, 1997",-0.0475
"173","Homo sapiens",276,"Livshits & Kobyliansky, 1989","Heritability","Moller & Thornhill, 1997",0.224,"Homo sapiens",276,"Livshits & Kobyliansky, 1989","Heritability","Moller & Thornhill, 1997",0.227863471
"174","Homo sapiens",423,"Loesch & Martin","Heritability","Moller & Thornhill, 1997",0.225,"Homo sapiens",423,"Loesch & Martin","Heritability","Moller & Thornhill, 1997",0.228916547
"175","Homo sapiens",221,"Martin et. al., 1982","Heritability","Moller & Thornhill, 1997",0.3008,"Homo sapiens",221,"Martin et. al., 1982","Heritability","Moller & Thornhill, 1997",0.310398957
"176","Macaca mulatta",133,"McGrath et al., 1984","Heritability","Moller & Thornhill, 1997",0.0647,"Macaca mulatta",133,"McGrath et al., 1984","Heritability","Moller & Thornhill, 1997",0.0648
"177","Homo sapiens",711,"Mi & Rashad, 1977","Heritability","Moller & Thornhill, 1997",0.0797,"Homo sapiens",711,"Mi & Rashad, 1977","Heritability","Moller & Thornhill, 1997",0.0799
"178","Mus musculus",200,"Parker & Leamy, 1991","Heritability","Moller & Thornhill, 1997",0.1008,"Mus musculus",200,"Parker & Leamy, 1991","Heritability","Moller & Thornhill, 1997",0.101143494
"179","Homo sapiens",150,"Singh, 1970","Heritability","Moller & Thornhill, 1997",0.154,"Homo sapiens",150,"Singh, 1970","Heritability","Moller & Thornhill, 1997",0.155235044
"180","Burnet moth",595,"Klütsch et al., 2011","Isolation by altitude w/ distance","Shafer 2013",0.316695671,"Burnet moth",595,"Klütsch et al., 2011","Isolation by altitude w/ distance","Shafer 2013",0.33
"181","Englemann Oak",8128,"Ortego et al., 2012","Isolation by altitude w/ distance","Shafer 2013",0.02,"Englemann Oak",8128,"Ortego et al., 2012","Isolation by altitude w/ distance","Shafer 2013",0.02
"182","Burnet moth",595,"Klütsch et al., 2011","Isolation by altitude w/o distance","Shafer 2013",0.5984169025,"Burnet moth",595,"Klütsch et al., 2011","Isolation by altitude w/o distance","Shafer 2013",0.695
"183","Andean tomatoes",96,"Nakazato et al., 2008","Isolation by altitude w/o distance","Shafer 2013",0.03,"Andean tomatoes",96,"Nakazato et al., 2008","Isolation by altitude w/o distance","Shafer 2013",0.03
"184","Englemann Oak",8128,"Ortego et al., 2012","Isolation by altitude w/o distance","Shafer 2013",0.04,"Englemann Oak",8128,"Ortego et al., 2012","Isolation by altitude w/o distance","Shafer 2013",0.04
"185","Tungara frog",300,"Pröhl et al., 2006","Isolation by bioacoustics w/ distance","Shafer 2013",-0.226028352,"Tungara frog",300,"Pröhl et al., 2006","Isolation by bioacoustics w/ distance","Shafer 2013",-0.23
"186","Tungara frog",300,"Pröhl et al., 2006","Isolation by bioacoustics w/o distance","Shafer 2013",0.23549575,"Tungara frog",300,"Pröhl et al., 2006","Isolation by bioacoustics w/o distance","Shafer 2013",0.24
"187","Greenish warbler",91,"Irwin et al., 2008","Isolation by call w/o distance","Shafer 2013",0.82427217,"Greenish warbler",91,"Irwin et al., 2008","Isolation by call w/o distance","Shafer 2013",1.17
"188","Andean tomatoes",96,"Nakazato et al., 2008","Isolation by Carbon content w/o distance","Shafer 2013",-0.04985,"Andean tomatoes",96,"Nakazato et al., 2008","Isolation by Carbon content w/o distance","Shafer 2013",-0.05
"189","P. longiseta",1540,"Ruano et al., 2011","Isolation by chemicals w/o distance","Shafer 2013",0.52266543,"P. longiseta",1540,"Ruano et al., 2011","Isolation by chemicals w/o distance","Shafer 2013",0.58
"190","Grey wolves",105,"Geffen et al., 2004","Isolation by climate w/ distance","Shafer 2013",0.187746206,"Grey wolves",105,"Geffen et al., 2004","Isolation by climate w/ distance","Shafer 2013",0.19
"191","Grey wolves",105,"Geffen et al., 2004","Isolation by climate w/o distance","Shafer 2013",0.158648504,"Grey wolves",105,"Geffen et al., 2004","Isolation by climate w/o distance","Shafer 2013",0.16
"192","Sea urchin",153,"Banks et al., 2010","Isolation by coastal topography w/o distance","Shafer 2013",0.249326437,"Sea urchin",153,"Banks et al., 2010","Isolation by coastal topography w/o distance","Shafer 2013",0.255
"193","Poison-dart frog",171,"Wang & Summers, 2010","Isolation by colour w/ distance","Shafer 2013",0.5297431885,"Poison-dart frog",171,"Wang & Summers, 2010","Isolation by colour w/ distance","Shafer 2013",0.59
"194","Guppies",990,"Alexander et al., 2006","Isolation by colour w/o distance","Shafer 2013",0,"Guppies",990,"Alexander et al., 2006","Isolation by colour w/o distance","Shafer 2013",0
"195","Andean tomatoes",96,"Nakazato et al., 2008","Isolation by colour w/o distance","Shafer 2013",0.04,"Andean tomatoes",96,"Nakazato et al., 2008","Isolation by colour w/o distance","Shafer 2013",0.04
"196","Tree frogs",105,"Robertson et al., 2009","Isolation by colour w/o distance","Shafer 2013",0.03,"Tree frogs",105,"Robertson et al., 2009","Isolation by colour w/o distance","Shafer 2013",0.03
"197","Tree frogs",210,"Robertson et al., 2009","Isolation by colour w/o distance","Shafer 2013",0.66959026,"Tree frogs",210,"Robertson et al., 2009","Isolation by colour w/o distance","Shafer 2013",0.81
"198","Bush monkeyflower",308,"Streisfeld & Kohn, 2005","Isolation by colour w/o distance","Shafer 2013",0.335367247,"Bush monkeyflower",308,"Streisfeld & Kohn, 2005","Isolation by colour w/o distance","Shafer 2013",0.355
"199","Forest herb",153,"Vandepitte et al., 2007","Isolation by community w/ distance","Shafer 2013",-0.291312612,"Forest herb",153,"Vandepitte et al., 2007","Isolation by community w/ distance","Shafer 2013",-0.3
"200","Forest herb",153,"Vandepitte et al., 2007","Isolation by community w/o distance","Shafer 2013",-0.226028352,"Forest herb",153,"Vandepitte et al., 2007","Isolation by community w/o distance","Shafer 2013",-0.23
"201","Englemann Oak",8128,"Ortego et al., 2012","Isolation by current niche w/ distance","Shafer 2013",0.049958375,"Englemann Oak",8128,"Ortego et al., 2012","Isolation by current niche w/ distance","Shafer 2013",0.05
"202","Englemann Oak",8128,"Ortego et al., 2012","Isolation by current niche w/o distance","Shafer 2013",0.0599,"Englemann Oak",8128,"Ortego et al., 2012","Isolation by current niche w/o distance","Shafer 2013",0.06
"203","Andean tomatoes",96,"Nakazato et al., 2008","Isolation by days to flower w/o distance","Shafer 2013",0.226028352,"Andean tomatoes",96,"Nakazato et al., 2008","Isolation by days to flower w/o distance","Shafer 2013",0.23
"204","Andean tomatoes",96,"Nakazato et al., 2008","Isolation by days wilting w/o distance","Shafer 2013",0.0898,"Andean tomatoes",96,"Nakazato et al., 2008","Isolation by days wilting w/o distance","Shafer 2013",0.09
"205","Starfish",120,"Sponer & Roy, 2002","Isolation by depth w/ distance","Shafer 2013",-0.2702601055,"Starfish",120,"Sponer & Roy, 2002","Isolation by depth w/ distance","Shafer 2013",-0.295
"206","Atlantic cod",136,"Case et al., 2005","Isolation by depth w/o distance","Shafer 2013",0.551674876,"Atlantic cod",136,"Case et al., 2005","Isolation by depth w/o distance","Shafer 2013",0.65
"207","Andean tomatoes",96,"Nakazato et al., 2008","Isolation by diurnal range w/o distance","Shafer 2013",0.10955847,"Andean tomatoes",96,"Nakazato et al., 2008","Isolation by diurnal range w/o distance","Shafer 2013",0.11
"208","Walking sticks",209,"Nosil et al., 2008","Isolation by ecomorphology w/ distance","Shafer 2013",0.01,"Walking sticks",209,"Nosil et al., 2008","Isolation by ecomorphology w/ distance","Shafer 2013",0.01
"209","Walking sticks",209,"Nosil et al., 2008","Isolation by ecomorphology w/o distance","Shafer 2013",0.0599,"Walking sticks",209,"Nosil et al., 2008","Isolation by ecomorphology w/o distance","Shafer 2013",0.06
"210","Mogurnda",136,"Cook et al., 2010","Isolation by elevation w/ distance","Shafer 2013",-0.437150834,"Mogurnda",136,"Cook et al., 2010","Isolation by elevation w/ distance","Shafer 2013",-0.49
"211","Chinook salmon",136,"Olsen et al., 2010","Isolation by elevation w/ distance","Shafer 2013",0.2049977835,"Chinook salmon",136,"Olsen et al., 2010","Isolation by elevation w/ distance","Shafer 2013",0.21
"212","Grasshopper",276,"Ortego et al., 2011","Isolation by elevation w/ distance","Shafer 2013",-0.226028352,"Grasshopper",276,"Ortego et al., 2011","Isolation by elevation w/ distance","Shafer 2013",-0.23
"213","Grasshopper",351,"Ortego et al., 2011","Isolation by elevation w/ distance","Shafer 2013",0.226028352,"Grasshopper",351,"Ortego et al., 2011","Isolation by elevation w/ distance","Shafer 2013",0.23
"214","Grasshopper",378,"Ortego et al., 2011","Isolation by elevation w/ distance","Shafer 2013",0.129272584,"Grasshopper",378,"Ortego et al., 2011","Isolation by elevation w/ distance","Shafer 2013",0.13
"215","Brassicaciea",465,"Parisod & Christin, 2008","Isolation by elevation w/ distance","Shafer 2013",-0.04,"Brassicaciea",465,"Parisod & Christin, 2008","Isolation by elevation w/ distance","Shafer 2013",-0.04
"216","Mogurnda",136,"Cook et al., 2010","Isolation by elevation w/o distance","Shafer 2013",0.0898,"Mogurnda",136,"Cook et al., 2010","Isolation by elevation w/o distance","Shafer 2013",0.09
"217","Mosquitoes",231,"David et al., 2003","Isolation by elevation w/o distance","Shafer 2013",0.187746206,"Mosquitoes",231,"David et al., 2003","Isolation by elevation w/o distance","Shafer 2013",0.19
"218","Chinook salmon",136,"Olsen et al., 2010","Isolation by elevation w/o distance","Shafer 2013",0.6508731515,"Chinook salmon",136,"Olsen et al., 2010","Isolation by elevation w/o distance","Shafer 2013",0.78
"219","Grasshopper",378,"Ortego et al., 2011","Isolation by elevation w/o distance","Shafer 2013",0.571669966,"Grasshopper",378,"Ortego et al., 2011","Isolation by elevation w/o distance","Shafer 2013",0.65
"220","Aquatic moss",276,"Hutsemekers et al., 2009","Isolation by environment w/ distance","Shafer 2013",0.300437097,"Aquatic moss",276,"Hutsemekers et al., 2009","Isolation by environment w/ distance","Shafer 2013",0.31
"221","Aquatic moss",1225,"Hutsemekers et al., 2009","Isolation by environment w/ distance","Shafer 2013",0.158648504,"Aquatic moss",1225,"Hutsemekers et al., 2009","Isolation by environment w/ distance","Shafer 2013",0.16
"222","Boechera",239,"Lee & Mitchell-Olds, 2011","Isolation by environment w/ distance","Shafer 2013",0.2421082165,"Boechera",239,"Lee & Mitchell-Olds, 2011","Isolation by environment w/ distance","Shafer 2013",0.26
"223","Mule deer",325,"Pease et al., 2009","Isolation by environment w/ distance","Shafer 2013",0.04,"Mule deer",325,"Pease et al., 2009","Isolation by environment w/ distance","Shafer 2013",0.04
"224","Mule deer",4095,"Pease et al., 2009","Isolation by environment w/ distance","Shafer 2013",-0.06988589,"Mule deer",4095,"Pease et al., 2009","Isolation by environment w/ distance","Shafer 2013",-0.07
"225","Mule deer",4371,"Pease et al., 2009","Isolation by environment w/ distance","Shafer 2013",0.0997,"Mule deer",4371,"Pease et al., 2009","Isolation by environment w/ distance","Shafer 2013",0.1
"226","Mule deer",5778,"Pease et al., 2009","Isolation by environment w/ distance","Shafer 2013",-0.04,"Mule deer",5778,"Pease et al., 2009","Isolation by environment w/ distance","Shafer 2013",-0.04
"227","Mule deer",15400,"Pease et al., 2009","Isolation by environment w/ distance","Shafer 2013",0.119427299,"Mule deer",15400,"Pease et al., 2009","Isolation by environment w/ distance","Shafer 2013",0.12
"228","F. insipida",231,"Poelchau & Hamrick, 2012","Isolation by environment w/ distance","Shafer 2013",-0.371360228,"F. insipida",231,"Poelchau & Hamrick, 2012","Isolation by environment w/ distance","Shafer 2013",-0.39
"229","B. alicastrum",406,"Poelchau & Hamrick, 2012","Isolation by environment w/ distance","Shafer 2013",0.353991712,"B. alicastrum",406,"Poelchau & Hamrick, 2012","Isolation by environment w/ distance","Shafer 2013",0.37
"230","B. simaruba",496,"Poelchau & Hamrick, 2012","Isolation by environment w/ distance","Shafer 2013",0.379948962,"B. simaruba",496,"Poelchau & Hamrick, 2012","Isolation by environment w/ distance","Shafer 2013",0.4
"231","Aquatic moss",276,"Hutsemekers et al., 2009","Isolation by environment w/o distance","Shafer 2013",0.300437097,"Aquatic moss",276,"Hutsemekers et al., 2009","Isolation by environment w/o distance","Shafer 2013",0.31
"232","Aquatic moss",1225,"Hutsemekers et al., 2009","Isolation by environment w/o distance","Shafer 2013",0.421450331,"Aquatic moss",1225,"Hutsemekers et al., 2009","Isolation by environment w/o distance","Shafer 2013",0.47
"233","F. insipida",231,"Poelchau & Hamrick, 2012","Isolation by environment w/o distance","Shafer 2013",0.396930432,"F. insipida",231,"Poelchau & Hamrick, 2012","Isolation by environment w/o distance","Shafer 2013",0.42
"234","B. alicastrum",406,"Poelchau & Hamrick, 2012","Isolation by environment w/o distance","Shafer 2013",0.469945199,"B. alicastrum",406,"Poelchau & Hamrick, 2012","Isolation by environment w/o distance","Shafer 2013",0.51
"235","B. simaruba",496,"Poelchau & Hamrick, 2012","Isolation by environment w/o distance","Shafer 2013",0.492987967,"B. simaruba",496,"Poelchau & Hamrick, 2012","Isolation by environment w/o distance","Shafer 2013",0.54
"236","Poa",30876,"Bjørnstad et al., 1995","Isolation by floral morphology w/ distance","Shafer 2013",0.049958375,"Poa",30876,"Bjørnstad et al., 1995","Isolation by floral morphology w/ distance","Shafer 2013",0.05
"237","Poa",30876,"Bjørnstad et al., 1995","Isolation by floral morphology w/o distance","Shafer 2013",0.168381046,"Poa",30876,"Bjørnstad et al., 1995","Isolation by floral morphology w/o distance","Shafer 2013",0.17
"238","Chinook salmon",136,"Olsen et al., 2010","Isolation by gradient w/ distance","Shafer 2013",0.1427270625,"Chinook salmon",136,"Olsen et al., 2010","Isolation by gradient w/ distance","Shafer 2013",0.145
"239","Chinook salmon",136,"Olsen et al., 2010","Isolation by gradient w/o distance","Shafer 2013",0.605185807,"Chinook salmon",136,"Olsen et al., 2010","Isolation by gradient w/o distance","Shafer 2013",0.71
"240","Dune sunflower",210,"Andrew et al., 2012","Isolation by habitat type w/ distance","Shafer 2013",0.454216433,"Dune sunflower",210,"Andrew et al., 2012","Isolation by habitat type w/ distance","Shafer 2013",0.49
"241","Dune sunflower",210,"Andrew et al., 2012","Isolation by habitat type w/o distance","Shafer 2013",0.485381091,"Dune sunflower",210,"Andrew et al., 2012","Isolation by habitat type w/o distance","Shafer 2013",0.53
"242","Trinidadian guppy",190,"Crispo et al., 2005","Isolation by habitat w/ distance","Shafer 2013",0.025,"Trinidadian guppy",190,"Crispo et al., 2005","Isolation by habitat w/ distance","Shafer 2013",0.025
"243","Grey wolves",105,"Geffen et al., 2004","Isolation by habitat w/ distance","Shafer 2013",0.139092448,"Grey wolves",105,"Geffen et al., 2004","Isolation by habitat w/ distance","Shafer 2013",0.14
"244","Marine snail",11026,"Johannesson et al., 2004","Isolation by habitat w/ distance","Shafer 2013",0.0798,"Marine snail",11026,"Johannesson et al., 2004","Isolation by habitat w/ distance","Shafer 2013",0.08
"245","Moor frog",136,"Richter-Boix et al., 2011","Isolation by habitat w/ distance","Shafer 2013",0.1095636495,"Moor frog",136,"Richter-Boix et al., 2011","Isolation by habitat w/ distance","Shafer 2013",0.11
"246","Spiny lobster",136,"Selkoe et al., 2010","Isolation by habitat w/ distance","Shafer 2013",0.413644442,"Spiny lobster",136,"Selkoe et al., 2010","Isolation by habitat w/ distance","Shafer 2013",0.44
"247","Kelp bass",190,"Selkoe et al., 2010","Isolation by habitat w/ distance","Shafer 2013",0.336375544,"Kelp bass",190,"Selkoe et al., 2010","Isolation by habitat w/ distance","Shafer 2013",0.35
"248","Kellet's whelk",741,"Selkoe et al., 2010","Isolation by habitat w/ distance","Shafer 2013",0.529895608,"Kellet's whelk",741,"Selkoe et al., 2010","Isolation by habitat w/ distance","Shafer 2013",0.59
"249","Woodcreeper",172,"Cabanne et al., 2011","Isolation by habitat w/o distance","Shafer 2013",0.168381046,"Woodcreeper",172,"Cabanne et al., 2011","Isolation by habitat w/o distance","Shafer 2013",0.17
"250","Grey wolves",105,"Geffen et al., 2004","Isolation by habitat w/o distance","Shafer 2013",0.187746206,"Grey wolves",105,"Geffen et al., 2004","Isolation by habitat w/o distance","Shafer 2013",0.19
"251","Marine snail",11026,"Johannesson et al., 2004","Isolation by habitat w/o distance","Shafer 2013",0.0798,"Marine snail",11026,"Johannesson et al., 2004","Isolation by habitat w/o distance","Shafer 2013",0.08
"252","Sockeye salmon",105,"Ramstad et al., 2004","Isolation by habitat w/o distance","Shafer 2013",0,"Sockeye salmon",105,"Ramstad et al., 2004","Isolation by habitat w/o distance","Shafer 2013",0
"253","Moor frog",136,"Richter-Boix et al., 2011","Isolation by habitat w/o distance","Shafer 2013",0.119396224,"Moor frog",136,"Richter-Boix et al., 2011","Isolation by habitat w/o distance","Shafer 2013",0.12
"254","Spiny lobster",136,"Selkoe et al., 2010","Isolation by habitat w/o distance","Shafer 2013",0.282134813,"Spiny lobster",136,"Selkoe et al., 2010","Isolation by habitat w/o distance","Shafer 2013",0.29
"255","Kelp bass",190,"Selkoe et al., 2010","Isolation by habitat w/o distance","Shafer 2013",0.69106947,"Kelp bass",190,"Selkoe et al., 2010","Isolation by habitat w/o distance","Shafer 2013",0.85
"256","Kellet's whelk",741,"Selkoe et al., 2010","Isolation by habitat w/o distance","Shafer 2013",0.263624835,"Kellet's whelk",741,"Selkoe et al., 2010","Isolation by habitat w/o distance","Shafer 2013",0.27
"257","Englemann Oak",8128,"Ortego et al., 2012","Isolation by historic niche w/ distance","Shafer 2013",0.03,"Englemann Oak",8128,"Ortego et al., 2012","Isolation by historic niche w/ distance","Shafer 2013",0.03
"258","Englemann Oak",8128,"Ortego et al., 2012","Isolation by historic niche w/o distance","Shafer 2013",0.04,"Englemann Oak",8128,"Ortego et al., 2012","Isolation by historic niche w/o distance","Shafer 2013",0.04
"259","Eusandalum parasitoids",136,"Althoff, 2008","Isolation by host association w/ distance","Shafer 2013",-0.1144928845,"Eusandalum parasitoids",136,"Althoff, 2008","Isolation by host association w/ distance","Shafer 2013",-0.115
"260","Eusandalum parasitoids",136,"Althoff, 2008","Isolation by host association w/o distance","Shafer 2013",-0.04,"Eusandalum parasitoids",136,"Althoff, 2008","Isolation by host association w/o distance","Shafer 2013",-0.04
"261","Walking sticks",209,"Nosil et al., 2008","Isolation by host preference w/ distance","Shafer 2013",0.049958375,"Walking sticks",209,"Nosil et al., 2008","Isolation by host preference w/ distance","Shafer 2013",0.05
"262","Walking sticks",209,"Nosil et al., 2008","Isolation by host preference w/o distance","Shafer 2013",0.226028352,"Walking sticks",209,"Nosil et al., 2008","Isolation by host preference w/o distance","Shafer 2013",0.23
"263","Parisitoid wasp",16290,"Baer et al., 2004","Isolation by host use w/ distance","Shafer 2013",0,"Parisitoid wasp",16290,"Baer et al., 2004","Isolation by host use w/ distance","Shafer 2013",0
"264","Parisitoid wasp",7626,"Baer et al., 2004","Isolation by host use w/o distance","Shafer 2013",-0.04,"Parisitoid wasp",7626,"Baer et al., 2004","Isolation by host use w/o distance","Shafer 2013",-0.04
"265","Andean tomatoes",96,"Nakazato et al., 2008","Isolation by inorganic carbon w/o distance","Shafer 2013",0.04,"Andean tomatoes",96,"Nakazato et al., 2008","Isolation by inorganic carbon w/o distance","Shafer 2013",0.04
"266","Daphnia",171,"Orsini et al., 2012","Isolation by land use w/ distance","Shafer 2013",0.1713954855,"Daphnia",171,"Orsini et al., 2012","Isolation by land use w/ distance","Shafer 2013",0.175
"267","Atlantic cod",253,"Case et al., 2005","Isolation by latitude w/o distance","Shafer 2013",0.777888067,"Atlantic cod",253,"Case et al., 2005","Isolation by latitude w/o distance","Shafer 2013",1.04
"268","Aphid",153,"Sandrock et al., 2011","Isolation by life cycle w/o distance","Shafer 2013",-0.01,"Aphid",153,"Sandrock et al., 2011","Isolation by life cycle w/o distance","Shafer 2013",-0.01
"269","Elliots blueberry",105,"Anderson & Geber, 2010","Isolation by life history w/o distance","Shafer 2013",0.2069665,"Elliots blueberry",105,"Anderson & Geber, 2010","Isolation by life history w/o distance","Shafer 2013",0.21
"270","Rainbow smelt",210,"Bradbury et al., 2006","Isolation by morphology w/ distance","Shafer 2013",0.277519947,"Rainbow smelt",210,"Bradbury et al., 2006","Isolation by morphology w/ distance","Shafer 2013",0.285
"271","Song sparrow",96,"Chan & Arcese, 2003","Isolation by morphology w/ distance","Shafer 2013",-0.158648504,"Song sparrow",96,"Chan & Arcese, 2003","Isolation by morphology w/ distance","Shafer 2013",-0.16
"272","Ground beetle",820,"Garnier et al., 2009","Isolation by morphology w/ distance","Shafer 2013",0.6347164415,"Ground beetle",820,"Garnier et al., 2009","Isolation by morphology w/ distance","Shafer 2013",0.755
"273","Walking sticks",209,"Nosil et al., 2008","Isolation by morphology w/ distance","Shafer 2013",0.03,"Walking sticks",209,"Nosil et al., 2008","Isolation by morphology w/ distance","Shafer 2013",0.03
"274","Guppies",990,"Alexander et al., 2006","Isolation by morphology w/o distance","Shafer 2013",0.1188522905,"Guppies",990,"Alexander et al., 2006","Isolation by morphology w/o distance","Shafer 2013",0.12
"275","Rainbow smelt",210,"Bradbury et al., 2006","Isolation by morphology w/o distance","Shafer 2013",0.327477395,"Rainbow smelt",210,"Bradbury et al., 2006","Isolation by morphology w/o distance","Shafer 2013",0.34
"276","Song sparrow",96,"Chan & Arcese, 2003","Isolation by morphology w/o distance","Shafer 2013",0.119427299,"Song sparrow",96,"Chan & Arcese, 2003","Isolation by morphology w/o distance","Shafer 2013",0.12
"277","Ground beetle",276,"Garnier et al., 2009","Isolation by morphology w/o distance","Shafer 2013",0.5346097035,"Ground beetle",276,"Garnier et al., 2009","Isolation by morphology w/o distance","Shafer 2013",0.6
"278","Andean tomatoes",96,"Nakazato et al., 2008","Isolation by morphology w/o distance","Shafer 2013",0.06988589,"Andean tomatoes",96,"Nakazato et al., 2008","Isolation by morphology w/o distance","Shafer 2013",0.07
"279","Walking sticks",209,"Nosil et al., 2008","Isolation by morphology w/o distance","Shafer 2013",0.119427299,"Walking sticks",209,"Nosil et al., 2008","Isolation by morphology w/o distance","Shafer 2013",0.12
"280","Darwin's finches",231,"Petren et al., 2005","Isolation by morphology w/o distance","Shafer 2013",0.405754372,"Darwin's finches",231,"Petren et al., 2005","Isolation by morphology w/o distance","Shafer 2013",0.435
"281","Mountain goats",128,"Shafer et al., 2011","Isolation by mountain range w/ distance","Shafer 2013",0.309506921,"Mountain goats",128,"Shafer et al., 2011","Isolation by mountain range w/ distance","Shafer 2013",0.32
"282","Wild sheep",276,"Worley et al., 2004","Isolation by mountain range w/ distance","Shafer 2013",0.362707468,"Wild sheep",276,"Worley et al., 2004","Isolation by mountain range w/ distance","Shafer 2013",0.38
"283","Andean tomatoes",96,"Nakazato et al., 2008","Isolation by Nitrogen content w/o distance","Shafer 2013",0.01,"Andean tomatoes",96,"Nakazato et al., 2008","Isolation by Nitrogen content w/o distance","Shafer 2013",0.01
"284","Daphnia",171,"Orsini et al., 2012","Isolation by parasites w/ distance","Shafer 2013",-0.0149208125,"Daphnia",171,"Orsini et al., 2012","Isolation by parasites w/ distance","Shafer 2013",-0.015
"285","Brassicaciea",465,"Parisod & Christin, 2008","Isolation by phenology w/ distance","Shafer 2013",0.03,"Brassicaciea",465,"Parisod & Christin, 2008","Isolation by phenology w/ distance","Shafer 2013",0.03
"286","Brassicaciea",465,"Parisod & Christin, 2008","Isolation by phenology w/o distance","Shafer 2013",0.413644442,"Brassicaciea",465,"Parisod & Christin, 2008","Isolation by phenology w/o distance","Shafer 2013",0.44
"287","Herbaceous plant",435,"Drummond & Hamilton, 2006","Isolation by phenotype w/ distance","Shafer 2013",0.362707468,"Herbaceous plant",435,"Drummond & Hamilton, 2006","Isolation by phenotype w/ distance","Shafer 2013",0.38
"288","Herbaceous plant",435,"Drummond & Hamilton, 2006","Isolation by phenotype w/o distance","Shafer 2013",0.38847268,"Herbaceous plant",435,"Drummond & Hamilton, 2006","Isolation by phenotype w/o distance","Shafer 2013",0.41
"289","Brown trout",120,"Stelkens et al., 2012","Isolation by phenotype w/o distance","Shafer 2013",-0.0599,"Brown trout",120,"Stelkens et al., 2012","Isolation by phenotype w/o distance","Shafer 2013",-0.06
"290","Andean tomatoes",96,"Nakazato et al., 2008","Isolation by Phosphorus retention w/o distance","Shafer 2013",-0.01,"Andean tomatoes",96,"Nakazato et al., 2008","Isolation by Phosphorus retention w/o distance","Shafer 2013",-0.01
"291","Woodcreeper",172,"Cabanne et al., 2011","Isolation by plumage w/o distance","Shafer 2013",0.353991712,"Woodcreeper",172,"Cabanne et al., 2011","Isolation by plumage w/o distance","Shafer 2013",0.37
"292","F. insipida",231,"Poelchau & Hamrick, 2012","Isolation by precipitation w/ distance","Shafer 2013",-0.148885034,"F. insipida",231,"Poelchau & Hamrick, 2012","Isolation by precipitation w/ distance","Shafer 2013",-0.15
"293","B. alicastrum",406,"Poelchau & Hamrick, 2012","Isolation by precipitation w/ distance","Shafer 2013",0.438199315,"B. alicastrum",406,"Poelchau & Hamrick, 2012","Isolation by precipitation w/ distance","Shafer 2013",0.47
"294","B. simaruba",496,"Poelchau & Hamrick, 2012","Isolation by precipitation w/ distance","Shafer 2013",0.178080868,"B. simaruba",496,"Poelchau & Hamrick, 2012","Isolation by precipitation w/ distance","Shafer 2013",0.18
"295","Andean tomatoes",96,"Nakazato et al., 2008","Isolation by precipitation w/o distance","Shafer 2013",0.094190523,"Andean tomatoes",96,"Nakazato et al., 2008","Isolation by precipitation w/o distance","Shafer 2013",0.095
"296","F. insipida",231,"Poelchau & Hamrick, 2012","Isolation by precipitation w/o distance","Shafer 2013",0.477700012,"F. insipida",231,"Poelchau & Hamrick, 2012","Isolation by precipitation w/o distance","Shafer 2013",0.52
"297","B. alicastrum",406,"Poelchau & Hamrick, 2012","Isolation by precipitation w/o distance","Shafer 2013",0.537049567,"B. alicastrum",406,"Poelchau & Hamrick, 2012","Isolation by precipitation w/o distance","Shafer 2013",0.6
"298","B. simaruba",496,"Poelchau & Hamrick, 2012","Isolation by precipitation w/o distance","Shafer 2013",0.379948962,"B. simaruba",496,"Poelchau & Hamrick, 2012","Isolation by precipitation w/o distance","Shafer 2013",0.4
"299","Trinidadian guppy",190,"Crispo et al., 2005","Isolation by predators w/ distance","Shafer 2013",-0.1293103885,"Trinidadian guppy",190,"Crispo et al., 2005","Isolation by predators w/ distance","Shafer 2013",-0.135
"300","Daphnia",171,"Orsini et al., 2012","Isolation by predators w/ distance","Shafer 2013",0.0247707045,"Daphnia",171,"Orsini et al., 2012","Isolation by predators w/ distance","Shafer 2013",0.025
"301","European grey wolves",137,"Pilot et al., 2006","Isolation by prey w/ distance","Shafer 2013",0.119427299,"European grey wolves",137,"Pilot et al., 2006","Isolation by prey w/ distance","Shafer 2013",0.12
"302","European grey wolves",137,"Pilot et al., 2006","Isolation by prey w/o distance","Shafer 2013",0.438199315,"European grey wolves",137,"Pilot et al., 2006","Isolation by prey w/o distance","Shafer 2013",0.47
"303","Brassicaciea",465,"Parisod & Christin, 2008","Isolation by radiation w/ distance","Shafer 2013",0.148885034,"Brassicaciea",465,"Parisod & Christin, 2008","Isolation by radiation w/ distance","Shafer 2013",0.15
"304","Grey wolves",105,"Geffen et al., 2004","Isolation by rainfall w/ distance","Shafer 2013",0.0898,"Grey wolves",105,"Geffen et al., 2004","Isolation by rainfall w/ distance","Shafer 2013",0.09
"305","European grey wolves",120,"Pilot et al., 2006","Isolation by rainfall w/ distance","Shafer 2013",0.2483008225,"European grey wolves",120,"Pilot et al., 2006","Isolation by rainfall w/ distance","Shafer 2013",0.255
"306","European grey wolves",136,"Pilot et al., 2006","Isolation by rainfall w/ distance","Shafer 2013",0.291312612,"European grey wolves",136,"Pilot et al., 2006","Isolation by rainfall w/ distance","Shafer 2013",0.3
"307","European grey wolves",210,"Pilot et al., 2006","Isolation by rainfall w/ distance","Shafer 2013",0.139092448,"European grey wolves",210,"Pilot et al., 2006","Isolation by rainfall w/ distance","Shafer 2013",0.14
"308","Grey wolves",105,"Geffen et al., 2004","Isolation by rainfall w/o distance","Shafer 2013",0.0599,"Grey wolves",105,"Geffen et al., 2004","Isolation by rainfall w/o distance","Shafer 2013",0.06
"309","European grey wolves",120,"Pilot et al., 2006","Isolation by rainfall w/o distance","Shafer 2013",0.421760312,"European grey wolves",120,"Pilot et al., 2006","Isolation by rainfall w/o distance","Shafer 2013",0.45
"310","European grey wolves",136,"Pilot et al., 2006","Isolation by rainfall w/o distance","Shafer 2013",0.529895608,"European grey wolves",136,"Pilot et al., 2006","Isolation by rainfall w/o distance","Shafer 2013",0.59
"311","European grey wolves",210,"Pilot et al., 2006","Isolation by rainfall w/o distance","Shafer 2013",0.148885034,"European grey wolves",210,"Pilot et al., 2006","Isolation by rainfall w/o distance","Shafer 2013",0.15
"312","Atlantic salmon",91,"Perrier & Guyomard, 2011","Isolation by river length w/ distance","Shafer 2013",0.19737532,"Atlantic salmon",91,"Perrier & Guyomard, 2011","Isolation by river length w/ distance","Shafer 2013",0.2
"313","Atlantic salmon",210,"Perrier & Guyomard, 2011","Isolation by river length w/ distance","Shafer 2013",0.049958375,"Atlantic salmon",210,"Perrier & Guyomard, 2011","Isolation by river length w/ distance","Shafer 2013",0.05
"314","Atlantic salmon",231,"Perrier & Guyomard, 2011","Isolation by river length w/ distance","Shafer 2013",0.769866536,"Atlantic salmon",231,"Perrier & Guyomard, 2011","Isolation by river length w/ distance","Shafer 2013",1.02
"315","Atlantic salmon",406,"Perrier & Guyomard, 2011","Isolation by river length w/ distance","Shafer 2013",0.462117157,"Atlantic salmon",406,"Perrier & Guyomard, 2011","Isolation by river length w/ distance","Shafer 2013",0.5
"316","Atlantic salmon",561,"Perrier & Guyomard, 2011","Isolation by river length w/ distance","Shafer 2013",0.362707468,"Atlantic salmon",561,"Perrier & Guyomard, 2011","Isolation by river length w/ distance","Shafer 2013",0.38
"317","Atlantic salmon",91,"Perrier & Guyomard, 2011","Isolation by river length w/o distance","Shafer 2013",0.148885034,"Atlantic salmon",91,"Perrier & Guyomard, 2011","Isolation by river length w/o distance","Shafer 2013",0.15
"318","Atlantic salmon",210,"Perrier & Guyomard, 2011","Isolation by river length w/o distance","Shafer 2013",0.178080868,"Atlantic salmon",210,"Perrier & Guyomard, 2011","Isolation by river length w/o distance","Shafer 2013",0.18
"319","Atlantic salmon",231,"Perrier & Guyomard, 2011","Isolation by river length w/o distance","Shafer 2013",0.529895608,"Atlantic salmon",231,"Perrier & Guyomard, 2011","Isolation by river length w/o distance","Shafer 2013",0.59
"320","Atlantic salmon",406,"Perrier & Guyomard, 2011","Isolation by river length w/o distance","Shafer 2013",0.413644442,"Atlantic salmon",406,"Perrier & Guyomard, 2011","Isolation by river length w/o distance","Shafer 2013",0.44
"321","Atlantic salmon",561,"Perrier & Guyomard, 2011","Isolation by river length w/o distance","Shafer 2013",0.371360228,"Atlantic salmon",561,"Perrier & Guyomard, 2011","Isolation by river length w/o distance","Shafer 2013",0.39
"322","Herring",105,"Jørgensen et al., 2005","Isolation by salinity w/ distance","Shafer 2013",0.616909303,"Herring",105,"Jørgensen et al., 2005","Isolation by salinity w/ distance","Shafer 2013",0.72
"323","Atlantic cod",136,"Case et al., 2005","Isolation by salinity w/o distance","Shafer 2013",0.405013566,"Atlantic cod",136,"Case et al., 2005","Isolation by salinity w/o distance","Shafer 2013",0.435
"324","Atlantic cod",253,"Case et al., 2005","Isolation by salinity w/o distance","Shafer 2013",0.02,"Atlantic cod",253,"Case et al., 2005","Isolation by salinity w/o distance","Shafer 2013",0.02
"325","Song sparrow",96,"Chan & Arcese, 2003","Isolation by salinity w/o distance","Shafer 2013",0.345214034,"Song sparrow",96,"Chan & Arcese, 2003","Isolation by salinity w/o distance","Shafer 2013",0.36
"326","Herring",105,"Jørgensen et al., 2005","Isolation by salinity w/o distance","Shafer 2013",0.584979883,"Herring",105,"Jørgensen et al., 2005","Isolation by salinity w/o distance","Shafer 2013",0.67
"327","Brassicaciea",465,"Parisod & Christin, 2008","Isolation by slope w/ distance","Shafer 2013",0.03,"Brassicaciea",465,"Parisod & Christin, 2008","Isolation by slope w/ distance","Shafer 2013",0.03
"328","Greenish warbler",91,"Irwin et al., 2008","Isolation by song w/o distance","Shafer 2013",0.730593896,"Greenish warbler",91,"Irwin et al., 2008","Isolation by song w/o distance","Shafer 2013",0.93
"329","Atlantic salmon",210,"Perrier & Guyomard, 2011","Isolation by substrate w/ distance","Shafer 2013",0.658409036,"Atlantic salmon",210,"Perrier & Guyomard, 2011","Isolation by substrate w/ distance","Shafer 2013",0.79
"330","Atlantic salmon",231,"Perrier & Guyomard, 2011","Isolation by substrate w/ distance","Shafer 2013",0.730593896,"Atlantic salmon",231,"Perrier & Guyomard, 2011","Isolation by substrate w/ distance","Shafer 2013",0.93
"331","Atlantic salmon",406,"Perrier & Guyomard, 2011","Isolation by substrate w/ distance","Shafer 2013",0.551128029,"Atlantic salmon",406,"Perrier & Guyomard, 2011","Isolation by substrate w/ distance","Shafer 2013",0.62
"332","Atlantic salmon",561,"Perrier & Guyomard, 2011","Isolation by substrate w/ distance","Shafer 2013",0.469945199,"Atlantic salmon",561,"Perrier & Guyomard, 2011","Isolation by substrate w/ distance","Shafer 2013",0.51
"333","Atlantic salmon",210,"Perrier & Guyomard, 2011","Isolation by substrate w/o distance","Shafer 2013",0.910424594,"Atlantic salmon",210,"Perrier & Guyomard, 2011","Isolation by substrate w/o distance","Shafer 2013",1.53
"334","Atlantic salmon",231,"Perrier & Guyomard, 2011","Isolation by substrate w/o distance","Shafer 2013",0.880951268,"Atlantic salmon",231,"Perrier & Guyomard, 2011","Isolation by substrate w/o distance","Shafer 2013",1.38
"335","Atlantic salmon",406,"Perrier & Guyomard, 2011","Isolation by substrate w/o distance","Shafer 2013",0.721132254,"Atlantic salmon",406,"Perrier & Guyomard, 2011","Isolation by substrate w/o distance","Shafer 2013",0.91
"336","Atlantic salmon",561,"Perrier & Guyomard, 2011","Isolation by substrate w/o distance","Shafer 2013",0.652706706,"Atlantic salmon",561,"Perrier & Guyomard, 2011","Isolation by substrate w/o distance","Shafer 2013",0.78
"337","Atlantic cod",253,"Case et al., 2005","Isolation by temperature w/ distance","Shafer 2013",0.362707468,"Atlantic cod",253,"Case et al., 2005","Isolation by temperature w/ distance","Shafer 2013",0.38
"338","Atlantic salmon",153,"Dionne et al., 2008","Isolation by temperature w/ distance","Shafer 2013",0.558052216,"Atlantic salmon",153,"Dionne et al., 2008","Isolation by temperature w/ distance","Shafer 2013",0.63
"339","Atlantic salmon",820,"Dionne et al., 2008","Isolation by temperature w/ distance","Shafer 2013",0.336375544,"Atlantic salmon",820,"Dionne et al., 2008","Isolation by temperature w/ distance","Shafer 2013",0.35
"340","Atlantic salmon",1275,"Dionne et al., 2008","Isolation by temperature w/ distance","Shafer 2013",0.03,"Atlantic salmon",1275,"Dionne et al., 2008","Isolation by temperature w/ distance","Shafer 2013",0.03
"341","Grey wolves",105,"Geffen et al., 2004","Isolation by temperature w/ distance","Shafer 2013",0.0997,"Grey wolves",105,"Geffen et al., 2004","Isolation by temperature w/ distance","Shafer 2013",0.1
"342","Herring",105,"Jørgensen et al., 2005","Isolation by temperature w/ distance","Shafer 2013",0.244918662,"Herring",105,"Jørgensen et al., 2005","Isolation by temperature w/ distance","Shafer 2013",0.25
"343","Perch",120,"Leclerc et al., 2008","Isolation by temperature w/ distance","Shafer 2013",0.178080868,"Perch",120,"Leclerc et al., 2008","Isolation by temperature w/ distance","Shafer 2013",0.18
"344","Brassicaciea",465,"Parisod & Christin, 2008","Isolation by temperature w/ distance","Shafer 2013",-0.02,"Brassicaciea",465,"Parisod & Christin, 2008","Isolation by temperature w/ distance","Shafer 2013",-0.02
"345","Atlantic salmon",91,"Perrier & Guyomard, 2011","Isolation by temperature w/ distance","Shafer 2013",0.0898,"Atlantic salmon",91,"Perrier & Guyomard, 2011","Isolation by temperature w/ distance","Shafer 2013",0.09
"346","Atlantic salmon",210,"Perrier & Guyomard, 2011","Isolation by temperature w/ distance","Shafer 2013",0.0599,"Atlantic salmon",210,"Perrier & Guyomard, 2011","Isolation by temperature w/ distance","Shafer 2013",0.06
"347","Atlantic salmon",231,"Perrier & Guyomard, 2011","Isolation by temperature w/ distance","Shafer 2013",0.03,"Atlantic salmon",231,"Perrier & Guyomard, 2011","Isolation by temperature w/ distance","Shafer 2013",0.03
"348","Atlantic salmon",406,"Perrier & Guyomard, 2011","Isolation by temperature w/ distance","Shafer 2013",0.158648504,"Atlantic salmon",406,"Perrier & Guyomard, 2011","Isolation by temperature w/ distance","Shafer 2013",0.16
"349","Atlantic salmon",561,"Perrier & Guyomard, 2011","Isolation by temperature w/ distance","Shafer 2013",0.216518061,"Atlantic salmon",561,"Perrier & Guyomard, 2011","Isolation by temperature w/ distance","Shafer 2013",0.22
"350","European grey wolves",120,"Pilot et al., 2006","Isolation by temperature w/ distance","Shafer 2013",0.300437097,"European grey wolves",120,"Pilot et al., 2006","Isolation by temperature w/ distance","Shafer 2013",0.31
"351","European grey wolves",136,"Pilot et al., 2006","Isolation by temperature w/ distance","Shafer 2013",0.282134813,"European grey wolves",136,"Pilot et al., 2006","Isolation by temperature w/ distance","Shafer 2013",0.29
"352","European grey wolves",210,"Pilot et al., 2006","Isolation by temperature w/ distance","Shafer 2013",0.187746206,"European grey wolves",210,"Pilot et al., 2006","Isolation by temperature w/ distance","Shafer 2013",0.19
"353","F. insipida",231,"Poelchau & Hamrick, 2012","Isolation by temperature w/ distance","Shafer 2013",-0.421899005,"F. insipida",231,"Poelchau & Hamrick, 2012","Isolation by temperature w/ distance","Shafer 2013",-0.45
"354","B. alicastrum",406,"Poelchau & Hamrick, 2012","Isolation by temperature w/ distance","Shafer 2013",0.379948962,"B. alicastrum",406,"Poelchau & Hamrick, 2012","Isolation by temperature w/ distance","Shafer 2013",0.4
"355","B. simaruba",496,"Poelchau & Hamrick, 2012","Isolation by temperature w/ distance","Shafer 2013",0.01,"B. simaruba",496,"Poelchau & Hamrick, 2012","Isolation by temperature w/ distance","Shafer 2013",0.01
"356","Spiny lobster",136,"Selkoe et al., 2010","Isolation by temperature w/ distance","Shafer 2013",-0.272905081,"Spiny lobster",136,"Selkoe et al., 2010","Isolation by temperature w/ distance","Shafer 2013",-0.28
"357","Kelp bass",190,"Selkoe et al., 2010","Isolation by temperature w/ distance","Shafer 2013",0.371360228,"Kelp bass",190,"Selkoe et al., 2010","Isolation by temperature w/ distance","Shafer 2013",0.39
"358","Kellet's whelk",741,"Selkoe et al., 2010","Isolation by temperature w/ distance","Shafer 2013",0.19737532,"Kellet's whelk",741,"Selkoe et al., 2010","Isolation by temperature w/ distance","Shafer 2013",0.2
"359","Starfish",120,"Sponer & Roy, 2002","Isolation by temperature w/ distance","Shafer 2013",0.0599,"Starfish",120,"Sponer & Roy, 2002","Isolation by temperature w/ distance","Shafer 2013",0.06
"360","Sea urchin",153,"Banks et al., 2010","Isolation by temperature w/o distance","Shafer 2013",0.371328215,"Sea urchin",153,"Banks et al., 2010","Isolation by temperature w/o distance","Shafer 2013",0.39
"361","Atlantic cod",136,"Case et al., 2005","Isolation by temperature w/o distance","Shafer 2013",0.496326608,"Atlantic cod",136,"Case et al., 2005","Isolation by temperature w/o distance","Shafer 2013",0.67
"362","Atlantic cod",253,"Case et al., 2005","Isolation by temperature w/o distance","Shafer 2013",0.62306535,"Atlantic cod",253,"Case et al., 2005","Isolation by temperature w/o distance","Shafer 2013",0.73
"363","Atlantic salmon",153,"Dionne et al., 2008","Isolation by temperature w/o distance","Shafer 2013",0.629145161,"Atlantic salmon",153,"Dionne et al., 2008","Isolation by temperature w/o distance","Shafer 2013",0.74
"364","Atlantic salmon",820,"Dionne et al., 2008","Isolation by temperature w/o distance","Shafer 2013",0.362707468,"Atlantic salmon",820,"Dionne et al., 2008","Isolation by temperature w/o distance","Shafer 2013",0.38
"365","Atlantic salmon",1275,"Dionne et al., 2008","Isolation by temperature w/o distance","Shafer 2013",0.2069665,"Atlantic salmon",1275,"Dionne et al., 2008","Isolation by temperature w/o distance","Shafer 2013",0.21
"366","Grey wolves",105,"Geffen et al., 2004","Isolation by temperature w/o distance","Shafer 2013",0.0898,"Grey wolves",105,"Geffen et al., 2004","Isolation by temperature w/o distance","Shafer 2013",0.09
"367","Herring",105,"Jørgensen et al., 2005","Isolation by temperature w/o distance","Shafer 2013",0.244918662,"Herring",105,"Jørgensen et al., 2005","Isolation by temperature w/o distance","Shafer 2013",0.25
"368","Perch",120,"Leclerc et al., 2008","Isolation by temperature w/o distance","Shafer 2013",0.2069665,"Perch",120,"Leclerc et al., 2008","Isolation by temperature w/o distance","Shafer 2013",0.21
"369","Andean tomatoes",96,"Nakazato et al., 2008","Isolation by temperature w/o distance","Shafer 2013",-0.0869124175,"Andean tomatoes",96,"Nakazato et al., 2008","Isolation by temperature w/o distance","Shafer 2013",-0.09
"370","Atlantic salmon",91,"Perrier & Guyomard, 2011","Isolation by temperature w/o distance","Shafer 2013",0.353991712,"Atlantic salmon",91,"Perrier & Guyomard, 2011","Isolation by temperature w/o distance","Shafer 2013",0.37
"371","Atlantic salmon",210,"Perrier & Guyomard, 2011","Isolation by temperature w/o distance","Shafer 2013",0.641076961,"Atlantic salmon",210,"Perrier & Guyomard, 2011","Isolation by temperature w/o distance","Shafer 2013",0.76
"372","Atlantic salmon",231,"Perrier & Guyomard, 2011","Isolation by temperature w/o distance","Shafer 2013",0.551128029,"Atlantic salmon",231,"Perrier & Guyomard, 2011","Isolation by temperature w/o distance","Shafer 2013",0.62
"373","Atlantic salmon",406,"Perrier & Guyomard, 2011","Isolation by temperature w/o distance","Shafer 2013",0.500520211,"Atlantic salmon",406,"Perrier & Guyomard, 2011","Isolation by temperature w/o distance","Shafer 2013",0.55
"374","Atlantic salmon",561,"Perrier & Guyomard, 2011","Isolation by temperature w/o distance","Shafer 2013",0.507977433,"Atlantic salmon",561,"Perrier & Guyomard, 2011","Isolation by temperature w/o distance","Shafer 2013",0.56
"375","European grey wolves",120,"Pilot et al., 2006","Isolation by temperature w/o distance","Shafer 2013",0.564899553,"European grey wolves",120,"Pilot et al., 2006","Isolation by temperature w/o distance","Shafer 2013",0.64
"376","European grey wolves",136,"Pilot et al., 2006","Isolation by temperature w/o distance","Shafer 2013",0.685809062,"European grey wolves",136,"Pilot et al., 2006","Isolation by temperature w/o distance","Shafer 2013",0.84
"377","European grey wolves",210,"Pilot et al., 2006","Isolation by temperature w/o distance","Shafer 2013",0.327477395,"European grey wolves",210,"Pilot et al., 2006","Isolation by temperature w/o distance","Shafer 2013",0.34
"378","F. insipida",231,"Poelchau & Hamrick, 2012","Isolation by temperature w/o distance","Shafer 2013",0.379948962,"F. insipida",231,"Poelchau & Hamrick, 2012","Isolation by temperature w/o distance","Shafer 2013",0.4
"379","B. alicastrum",406,"Poelchau & Hamrick, 2012","Isolation by temperature w/o distance","Shafer 2013",0.492987967,"B. alicastrum",406,"Poelchau & Hamrick, 2012","Isolation by temperature w/o distance","Shafer 2013",0.54
"380","B. simaruba",496,"Poelchau & Hamrick, 2012","Isolation by temperature w/o distance","Shafer 2013",0.309506921,"B. simaruba",496,"Poelchau & Hamrick, 2012","Isolation by temperature w/o distance","Shafer 2013",0.32
"381","Spiny lobster",136,"Selkoe et al., 2010","Isolation by temperature w/o distance","Shafer 2013",0.2069665,"Spiny lobster",136,"Selkoe et al., 2010","Isolation by temperature w/o distance","Shafer 2013",0.21
"382","Perch",120,"Leclerc et al., 2008","Isolation by turbidity w/ distance","Shafer 2013",0.10955847,"Perch",120,"Leclerc et al., 2008","Isolation by turbidity w/ distance","Shafer 2013",0.11
"383","Perch",120,"Leclerc et al., 2008","Isolation by turbidity w/o distance","Shafer 2013",0.19737532,"Perch",120,"Leclerc et al., 2008","Isolation by turbidity w/o distance","Shafer 2013",0.2
"384","Grey wolves",105,"Geffen et al., 2004","Isolation by vegetation w/ distance","Shafer 2013",0.129272584,"Grey wolves",105,"Geffen et al., 2004","Isolation by vegetation w/ distance","Shafer 2013",0.13
"385","European grey wolves",120,"Pilot et al., 2006","Isolation by vegetation w/ distance","Shafer 2013",0.7031867105,"European grey wolves",120,"Pilot et al., 2006","Isolation by vegetation w/ distance","Shafer 2013",0.875
"386","European grey wolves",136,"Pilot et al., 2006","Isolation by vegetation w/ distance","Shafer 2013",0.571669966,"European grey wolves",136,"Pilot et al., 2006","Isolation by vegetation w/ distance","Shafer 2013",0.65
"387","European grey wolves",210,"Pilot et al., 2006","Isolation by vegetation w/ distance","Shafer 2013",0.485381091,"European grey wolves",210,"Pilot et al., 2006","Isolation by vegetation w/ distance","Shafer 2013",0.53
"388","Grey wolves",105,"Geffen et al., 2004","Isolation by vegetation w/o distance","Shafer 2013",0.19737532,"Grey wolves",105,"Geffen et al., 2004","Isolation by vegetation w/o distance","Shafer 2013",0.2
"389","European grey wolves",120,"Pilot et al., 2006","Isolation by vegetation w/o distance","Shafer 2013",0.684502288,"European grey wolves",120,"Pilot et al., 2006","Isolation by vegetation w/o distance","Shafer 2013",0.84
"390","European grey wolves",136,"Pilot et al., 2006","Isolation by vegetation w/o distance","Shafer 2013",0.680476006,"European grey wolves",136,"Pilot et al., 2006","Isolation by vegetation w/o distance","Shafer 2013",0.83
"391","European grey wolves",210,"Pilot et al., 2006","Isolation by vegetation w/o distance","Shafer 2013",0.469945199,"European grey wolves",210,"Pilot et al., 2006","Isolation by vegetation w/o distance","Shafer 2013",0.51
"392","Cliff Swallow",4323,"Brown et al. 1995","Blank","Watson, 2013",0.00779,"Cliff Swallow",4323,"Brown et al. 1995","Blank","Watson, 2013",0.00779
"393","Cliff Swallow",338,"Chapman & George 1991","breeding success","Watson, 2013",0.725313228,"Cliff Swallow",338,"Chapman & George 1991","breeding success","Watson, 2013",0.918766229
"394","Great Tit",108,"Fitze et al. 2004","Clutch Size","Watson, 2013",0.135581812,"Great Tit",108,"Fitze et al. 2004","Clutch Size","Watson, 2013",0.136421871
"395","Cliff Swallow",36,"Brown & Brown 2004","Survival","Watson, 2013",0.222164606,"Cliff Swallow",36,"Brown & Brown 2004","Survival","Watson, 2013",0.225931953
"396","Bighorn Sheep",35,"Schmidt et al. 1979","Survival","Watson, 2013",0.781224513,"Bighorn Sheep",35,"Schmidt et al. 1979","Survival","Watson, 2013",1.048505154
"397","Cliff Swallow",96,"Brown & Brown 1986","young produced","Watson, 2013",0.375369485,"Cliff Swallow",96,"Brown & Brown 1986","young produced","Watson, 2013",0.394658695
